Destination,Day
PRG-HER,11-07-2017
PRG-HER,12-07-2017
PRG-HER,13-07-2017
PRG-HER,14-07-2017
PRG-HER,16-07-2017
PRG-HER,17-07-2017
PRG-HER,18-07-2017
PRG-HER,19-07-2017
PRG-HER,20-07-2017
PRG-HER,21-07-2017
PRG-HER,22-07-2017
PRG-HER,23-07-2017
PRG-HER,24-07-2017
PRG-HER,25-07-2017
PRG-HER,26-07-2017
PRG-HER,27-07-2017
PRG-HER,28-07-2017
PRG-HER,29-07-2017
PRG-HER,30-07-2017
PRG-HER,31-07-2017
PRG-HER,01-08-2017
PRG-HER,02-08-2017
PRG-HER,03-08-2017
PRG-HER,07-08-2017
PRG-HER,08-08-2017
PRG-HER,09-08-2017
PRG-HER,10-08-2017
PRG-HER,11-08-2017
PRG-HER,12-08-2017
PRG-HER,13-08-2017
PRG-HER,14-08-2017
PRG-HER,15-08-2017
PRG-HER,16-08-2017
PRG-HER,17-08-2017
PRG-HER,18-08-2017
PRG-HER,20-08-2017
PRG-HER,21-08-2017
PRG-HER,22-08-2017
PRG-HER,23-08-2017
PRG-HER,24-08-2017
PRG-HER,25-08-2017
PRG-HER,26-08-2017
PRG-HER,27-08-2017
PRG-HER,28-08-2017
PRG-HER,29-08-2017
PRG-HER,30-08-2017
PRG-HER,31-08-2017
PRG-HER,01-09-2017
PRG-HER,02-09-2017
PRG-HER,03-09-2017
PRG-HER,04-09-2017
PRG-HER,05-09-2017
PRG-HER,06-09-2017
PRG-HER,07-09-2017
PRG-HER,08-09-2017
PRG-HER,09-09-2017
PRG-HER,10-09-2017
PRG-HER,11-09-2017
PRG-HER,12-09-2017
PRG-HER,13-09-2017
PRG-HER,14-09-2017
PRG-HER,15-09-2017
PRG-HER,16-09-2017
PRG-HER,17-09-2017
PRG-HER,18-09-2017
PRG-HER,19-09-2017
PRG-HER,20-09-2017
PRG-HER,21-09-2017
PRG-HER,22-09-2017
PRG-HER,23-09-2017
PRG-HER,24-09-2017
PRG-HER,25-09-2017
PRG-HER,26-09-2017
PRG-HER,27-09-2017
PRG-HER,28-09-2017
PRG-HER,29-09-2017
PRG-HER,30-09-2017
PRG-HER,01-10-2017
PRG-HER,02-10-2017
PRG-HER,03-10-2017
PRG-HER,04-10-2017
PRG-HER,05-10-2017
PRG-HER,06-10-2017
PRG-HER,07-10-2017
PRG-HER,08-10-2017
PRG-HER,09-10-2017
PRG-HER,10-10-2017
PRG-HER,11-10-2017
PRG-HER,12-10-2017
PRG-HER,13-10-2017
PRG-HER,14-10-2017
PRG-HER,15-10-2017
PRG-CFU,20-07-2017
PRG-CFU,24-07-2017
PRG-CFU,25-07-2017
PRG-CFU,26-07-2017
PRG-CFU,27-07-2017
PRG-CFU,28-07-2017
PRG-CFU,29-07-2017
PRG-CFU,30-07-2017
PRG-CFU,31-07-2017
PRG-CFU,01-08-2017
PRG-CFU,03-08-2017
PRG-CFU,06-08-2017
PRG-CFU,07-08-2017
PRG-CFU,08-08-2017
PRG-CFU,09-08-2017
PRG-CFU,10-08-2017
PRG-CFU,12-08-2017
PRG-CFU,13-08-2017
PRG-CFU,14-08-2017
PRG-CFU,15-08-2017
PRG-CFU,17-08-2017
PRG-CFU,18-08-2017
PRG-CFU,19-08-2017
PRG-CFU,20-08-2017
PRG-CFU,21-08-2017
PRG-CFU,22-08-2017
PRG-CFU,26-08-2017
PRG-CFU,27-08-2017
PRG-CFU,28-08-2017
PRG-CFU,29-08-2017
PRG-CFU,30-08-2017
PRG-CFU,31-08-2017
PRG-CFU,01-09-2017
PRG-CFU,02-09-2017
PRG-CFU,03-09-2017
PRG-CFU,04-09-2017
PRG-CFU,05-09-2017
PRG-CFU,06-09-2017
PRG-CFU,07-09-2017
PRG-CFU,08-09-2017
PRG-CFU,09-09-2017
PRG-CFU,10-09-2017
PRG-CFU,11-09-2017
PRG-CFU,12-09-2017
PRG-CFU,14-09-2017
PRG-CFU,15-09-2017
PRG-CFU,16-09-2017
PRG-CFU,18-09-2017
PRG-CFU,19-09-2017
PRG-CFU,20-09-2017
PRG-CFU,21-09-2017
PRG-CFU,22-09-2017
PRG-CFU,23-09-2017
PRG-CFU,24-09-2017
PRG-CFU,25-09-2017
PRG-CFU,26-09-2017
PRG-CFU,27-09-2017
PRG-CFU,28-09-2017
PRG-CFU,29-09-2017
PRG-CFU,30-09-2017
PRG-CFU,01-10-2017
PRG-CFU,03-10-2017
PRG-CFU,07-10-2017
PRG-RHO,12-07-2017
PRG-RHO,14-07-2017
PRG-RHO,17-07-2017
PRG-RHO,18-07-2017
PRG-RHO,19-07-2017
PRG-RHO,20-07-2017
PRG-RHO,22-07-2017
PRG-RHO,23-07-2017
PRG-RHO,25-07-2017
PRG-RHO,26-07-2017
PRG-RHO,27-07-2017
PRG-RHO,28-07-2017
PRG-RHO,29-07-2017
PRG-RHO,31-07-2017
PRG-RHO,01-08-2017
PRG-RHO,02-08-2017
PRG-RHO,04-08-2017
PRG-RHO,05-08-2017
PRG-RHO,08-08-2017
PRG-RHO,09-08-2017
PRG-RHO,10-08-2017
PRG-RHO,11-08-2017
PRG-RHO,15-08-2017
PRG-RHO,16-08-2017
PRG-RHO,17-08-2017
PRG-RHO,18-08-2017
PRG-RHO,20-08-2017
PRG-RHO,21-08-2017
PRG-RHO,22-08-2017
PRG-RHO,23-08-2017
PRG-RHO,24-08-2017
PRG-RHO,25-08-2017
PRG-RHO,27-08-2017
PRG-RHO,28-08-2017
PRG-RHO,29-08-2017
PRG-RHO,30-08-2017
PRG-RHO,31-08-2017
PRG-RHO,01-09-2017
PRG-RHO,03-09-2017
PRG-RHO,04-09-2017
PRG-RHO,05-09-2017
PRG-RHO,06-09-2017
PRG-RHO,07-09-2017
PRG-RHO,08-09-2017
PRG-RHO,09-09-2017
PRG-RHO,10-09-2017
PRG-RHO,11-09-2017
PRG-RHO,12-09-2017
PRG-RHO,13-09-2017
PRG-RHO,14-09-2017
PRG-RHO,15-09-2017
PRG-RHO,17-09-2017
PRG-RHO,18-09-2017
PRG-RHO,19-09-2017
PRG-RHO,20-09-2017
PRG-RHO,21-09-2017
PRG-RHO,22-09-2017
PRG-RHO,23-09-2017
PRG-RHO,24-09-2017
PRG-RHO,25-09-2017
PRG-RHO,26-09-2017
PRG-RHO,27-09-2017
PRG-RHO,28-09-2017
PRG-RHO,29-09-2017
PRG-RHO,30-09-2017
PRG-RHO,01-10-2017
PRG-RHO,02-10-2017
PRG-RHO,03-10-2017
PRG-RHO,04-10-2017
PRG-RHO,05-10-2017
PRG-RHO,06-10-2017
PRG-RHO,07-10-2017
PRG-RHO,08-10-2017
PRG-RHO,09-10-2017
PRG-RHO,10-10-2017
PRG-RHO,11-10-2017
PRG-RHO,12-10-2017
PRG-RHO,13-10-2017
PRG-RHO,14-10-2017
PRG-RHO,15-10-2017
PRG-ZTH,13-07-2017
PRG-ZTH,17-07-2017
PRG-ZTH,20-07-2017
PRG-ZTH,21-07-2017
PRG-ZTH,23-07-2017
PRG-ZTH,24-07-2017
PRG-ZTH,26-07-2017
PRG-ZTH,27-07-2017
PRG-ZTH,28-07-2017
PRG-ZTH,30-07-2017
PRG-ZTH,31-07-2017
PRG-ZTH,03-08-2017
PRG-ZTH,05-08-2017
PRG-ZTH,06-08-2017
PRG-ZTH,07-08-2017
PRG-ZTH,08-08-2017
PRG-ZTH,09-08-2017
PRG-ZTH,10-08-2017
PRG-ZTH,13-08-2017
PRG-ZTH,14-08-2017
PRG-ZTH,15-08-2017
PRG-ZTH,16-08-2017
PRG-ZTH,17-08-2017
PRG-ZTH,18-08-2017
PRG-ZTH,20-08-2017
PRG-ZTH,21-08-2017
PRG-ZTH,24-08-2017
PRG-ZTH,26-08-2017
PRG-ZTH,27-08-2017
PRG-ZTH,28-08-2017
PRG-ZTH,29-08-2017
PRG-ZTH,30-08-2017
PRG-ZTH,31-08-2017
PRG-ZTH,03-09-2017
PRG-ZTH,04-09-2017
PRG-ZTH,05-09-2017
PRG-ZTH,06-09-2017
PRG-ZTH,07-09-2017
PRG-ZTH,08-09-2017
PRG-ZTH,10-09-2017
PRG-ZTH,11-09-2017
PRG-ZTH,12-09-2017
PRG-ZTH,13-09-2017
PRG-ZTH,14-09-2017
PRG-ZTH,15-09-2017
PRG-ZTH,16-09-2017
PRG-ZTH,17-09-2017
PRG-ZTH,18-09-2017
PRG-ZTH,19-09-2017
PRG-ZTH,20-09-2017
PRG-ZTH,21-09-2017
PRG-ZTH,22-09-2017
PRG-ZTH,23-09-2017
PRG-ZTH,24-09-2017
PRG-ZTH,25-09-2017
PRG-ZTH,26-09-2017
PRG-ZTH,27-09-2017
PRG-ZTH,28-09-2017
PRG-ZTH,29-09-2017
PRG-ZTH,30-09-2017
PRG-ZTH,01-10-2017
PRG-ZTH,02-10-2017
PRG-ZTH,03-10-2017
PRG-ZTH,06-10-2017
PRG-KGS,12-07-2017
PRG-KGS,13-07-2017
PRG-KGS,17-07-2017
PRG-KGS,20-07-2017
PRG-KGS,21-07-2017
PRG-KGS,23-07-2017
PRG-KGS,24-07-2017
PRG-KGS,27-07-2017
PRG-KGS,30-07-2017
PRG-KGS,31-07-2017
PRG-KGS,01-08-2017
PRG-KGS,02-08-2017
PRG-KGS,03-08-2017
PRG-KGS,07-08-2017
PRG-KGS,09-08-2017
PRG-KGS,10-08-2017
PRG-KGS,11-08-2017
PRG-KGS,13-08-2017
PRG-KGS,14-08-2017
PRG-KGS,15-08-2017
PRG-KGS,16-08-2017
PRG-KGS,17-08-2017
PRG-KGS,20-08-2017
PRG-KGS,21-08-2017
PRG-KGS,25-08-2017
PRG-KGS,27-08-2017
PRG-KGS,28-08-2017
PRG-KGS,30-08-2017
PRG-KGS,04-09-2017
PRG-KGS,06-09-2017
PRG-KGS,07-09-2017
PRG-KGS,08-09-2017
PRG-KGS,11-09-2017
PRG-KGS,14-09-2017
PRG-KGS,17-09-2017
PRG-KGS,18-09-2017
PRG-KGS,20-09-2017
PRG-KGS,21-09-2017
PRG-KGS,22-09-2017
PRG-KGS,25-09-2017
PRG-KGS,26-09-2017
PRG-KGS,27-09-2017
PRG-KGS,28-09-2017
PRG-KGS,29-09-2017
PRG-KGS,30-09-2017
PRG-KGS,02-10-2017
PRG-KGS,03-10-2017
PRG-KGS,04-10-2017
PRG-KGS,05-10-2017
PRG-KGS,06-10-2017
PRG-KGS,07-10-2017
PRG-KGS,08-10-2017
PRG-KGS,09-10-2017
PRG-KGS,10-10-2017
PRG-KGS,11-10-2017
PRG-KGS,12-10-2017
PRG-KGS,13-10-2017
PRG-KGS,14-10-2017
PRG-KGS,15-10-2017
